0,0,0.018480,0.120067
1,14,0.019992,0.141019
2,18,0.019728,0.139904
3,32,0.023278,0.188936
4,44,0.020244,0.144861
5,52,0.021465,0.162620
6,46,0.020697,0.153388
7,40,0.021567,0.166256
8,54,0.037088,0.486707
9,56,0.022248,0.175320
10,66,0.022271,0.177122
11,66,0.029828,0.309834
12,62,0.022355,0.176879
13,64,0.023173,0.192505
14,72,0.021817,0.170493
15,56,0.019563,0.136984
16,76,0.025317,0.227918
17,68,0.035865,0.462889
18,64,0.025802,0.235155
19,68,0.021022,0.155373
20,68,0.024433,0.215111
21,74,0.023882,0.203853
0,0,0.018214,0.117069
1,14,0.018611,0.123472
2,10,0.019152,0.131748
3,30,0.020818,0.152795
4,46,0.022931,0.188675
5,48,0.020888,0.155998
6,68,0.021938,0.171428
7,64,0.021829,0.170189
8,58,0.024127,0.206621
9,60,0.028809,0.298446
10,60,0.021099,0.159930
11,66,0.024007,0.205977
12,84,0.028143,0.281047
13,62,0.022223,0.173684
14,70,0.022900,0.188031
15,52,0.027446,0.268236
16,68,0.027580,0.267112
17,78,0.026711,0.256345
18,70,0.025314,0.229524
19,70,0.023664,0.201620
20,72,0.036453,0.461123
21,62,0.023078,0.190634
0,0,0.017989,0.114836
1,10,0.018638,0.124211
2,28,0.021927,0.171149
3,26,0.018923,0.128355
4,36,0.019237,0.131883
5,54,0.022973,0.189454
6,32,0.028910,0.285921
7,52,0.026028,0.241696
8,60,0.038189,0.513126
9,68,0.024410,0.215384
10,52,0.022043,0.170657
11,56,0.026986,0.261965
12,40,0.023682,0.201064
13,60,0.030596,0.335481
14,66,0.037970,0.508283
15,60,0.027232,0.262724
16,68,0.026665,0.248464
17,50,0.024444,0.213323
18,74,0.037364,0.484230
19,72,0.022805,0.183062
20,72,0.024917,0.224360
21,72,0.026719,0.253995
0,0,0.017602,0.110922
1,10,0.020096,0.142248
2,30,0.026122,0.246078
3,26,0.019043,0.129992
4,22,0.018803,0.127745
5,36,0.019418,0.134635
6,60,0.024622,0.219163
7,62,0.024672,0.214976
8,66,0.023753,0.200913
9,50,0.022449,0.180258
10,66,0.029691,0.307964
11,74,0.025929,0.246083
12,66,0.023395,0.194395
13,74,0.022145,0.174969
14,74,0.035401,0.443185
15,74,0.023101,0.190827
16,68,0.021489,0.164931
17,62,0.038151,0.503298
18,70,0.026186,0.244153
19,80,0.022331,0.177630
20,84,0.025136,0.224597
21,70,0.023501,0.198155
0,0,0.019125,0.129112
1,16,0.018188,0.117854
2,16,0.017918,0.114250
3,34,0.022293,0.174993
4,26,0.019888,0.139485
5,34,0.020566,0.152726
6,58,0.021981,0.171611
7,42,0.022394,0.178219
8,56,0.022557,0.181048
9,56,0.021165,0.160446
10,62,0.026186,0.248298
11,68,0.036725,0.465059
12,52,0.020379,0.148698
13,76,0.037505,0.494918
14,72,0.024719,0.217441
15,60,0.023803,0.203996
16,62,0.023069,0.192226
17,78,0.021973,0.171723
18,70,0.025495,0.230604
19,76,0.025640,0.234150
20,60,0.024146,0.209170
21,70,0.025746,0.238935
0,0,0.018359,0.120588
1,16,0.019600,0.135250
2,28,0.021431,0.163219
3,20,0.018775,0.125838
4,54,0.024786,0.223000
5,42,0.024831,0.220528
6,64,0.027528,0.276851
7,56,0.023991,0.206035
8,44,0.021376,0.161676
9,66,0.028557,0.288009
10,58,0.022829,0.186714
11,68,0.023143,0.191495
12,62,0.024422,0.209418
13,54,0.024190,0.209852
14,76,0.032064,0.360394
15,56,0.027227,0.262134
16,72,0.023129,0.190694
17,70,0.021021,0.156674
18,68,0.027133,0.265541
19,82,0.026311,0.246752
20,74,0.035854,0.456990
21,74,0.022103,0.173338
0,0,0.017763,0.111618
1,14,0.019180,0.131874
2,28,0.019089,0.129599
3,28,0.020045,0.143181
4,38,0.022985,0.185237
5,46,0.021272,0.160122
6,58,0.022802,0.184044
7,38,0.020311,0.145717
8,70,0.027753,0.278070
9,54,0.022007,0.171760
10,44,0.024307,0.209496
11,68,0.026974,0.261256
12,52,0.022123,0.172489
13,60,0.035251,0.438521
14,68,0.023927,0.205989
15,70,0.032548,0.370364
16,64,0.035786,0.460224
17,74,0.027263,0.264530
18,74,0.025902,0.236394
19,70,0.022299,0.178647
20,72,0.023842,0.202385
21,76,0.033704,0.405955
0,0,0.018011,0.115933
1,16,0.018687,0.123958
2,36,0.019065,0.128977
3,32,0.019555,0.137141
4,38,0.020252,0.146836
5,42,0.020762,0.153450
6,56,0.036806,0.473819
7,52,0.023465,0.197355
8,44,0.020816,0.152841
9,72,0.023637,0.198245
10,48,0.019683,0.138988
11,60,0.035830,0.457979
12,64,0.024557,0.216397
13,70,0.028848,0.297442
14,70,0.022394,0.178727
15,60,0.021947,0.172906
16,74,0.023400,0.194841
17,72,0.024011,0.205957
18,76,0.024633,0.213454
19,70,0.025826,0.234650
20,82,0.028039,0.279087
21,78,0.027163,0.262736
0,0,0.018723,0.124487
1,10,0.019465,0.134662
2,30,0.019213,0.131086
3,22,0.019106,0.130900
4,46,0.021162,0.160911
5,40,0.021479,0.166157
6,54,0.034645,0.424164
7,48,0.022278,0.178986
8,52,0.021159,0.158986
9,60,0.023908,0.204620
10,52,0.022830,0.184343
11,72,0.023040,0.191297
12,64,0.031022,0.339741
13,70,0.030832,0.329404
14,58,0.023398,0.192375
15,70,0.023468,0.194882
16,68,0.025444,0.231255
17,66,0.026162,0.246400
18,76,0.023698,0.202731
19,62,0.024523,0.215348
20,76,0.021734,0.167142
21,72,0.023039,0.189844
0,0,0.018500,0.120861
1,6,0.018130,0.117396
2,20,0.019467,0.135172
3,40,0.022185,0.177390
4,28,0.019853,0.140315
5,44,0.021965,0.169900
6,38,0.020105,0.141745
7,52,0.021077,0.157680
8,60,0.033890,0.410463
9,66,0.032510,0.374829
10,68,0.020488,0.148528
11,58,0.024991,0.220787
12,64,0.024480,0.214482
13,64,0.021606,0.164350
14,58,0.024272,0.209172
15,64,0.024018,0.206398
16,70,0.023629,0.200372
17,68,0.023862,0.204093
18,66,0.025486,0.228320
19,66,0.024608,0.216532
20,68,0.021553,0.165335
21,78,0.023688,0.200739
0,0,0.017981,0.115208
1,18,0.018609,0.122910
2,28,0.019571,0.136536
3,32,0.020537,0.149096
4,46,0.036215,0.457943
5,36,0.021475,0.165333
6,56,0.024781,0.222528
7,46,0.021048,0.158410
8,72,0.024638,0.215744
9,54,0.023620,0.197686
10,52,0.025712,0.237561
11,44,0.022794,0.184796
12,54,0.026153,0.245916
13,68,0.022853,0.184771
14,68,0.023688,0.202244
15,78,0.023299,0.194554
16,80,0.029976,0.327756
17,70,0.031564,0.353329
18,80,0.028371,0.293088
19,66,0.020147,0.145587
20,62,0.030301,0.318559
21,72,0.022278,0.177710
0,0,0.018025,0.115182
1,14,0.020913,0.152900
2,32,0.027768,0.263544
3,32,0.035714,0.447752
4,38,0.020715,0.152601
5,48,0.022046,0.175016
6,46,0.021241,0.159758
7,64,0.027021,0.260844
8,62,0.024003,0.204856
9,52,0.022525,0.181706
10,68,0.022274,0.178031
11,66,0.026216,0.244435
12,72,0.022255,0.175565
13,68,0.026917,0.259813
14,74,0.024973,0.223390
15,72,0.028958,0.299000
16,76,0.023197,0.188295
17,76,0.026966,0.255860
18,74,0.025234,0.225875
19,68,0.027995,0.278233
20,76,0.039239,0.547908
21,62,0.026086,0.244823
0,0,0.017535,0.110297
1,10,0.017937,0.114496
2,34,0.023710,0.201223
3,22,0.019043,0.129313
4,32,0.021370,0.161109
5,50,0.022068,0.172264
6,50,0.021370,0.162744
7,62,0.035711,0.451928
8,50,0.018854,0.126457
9,70,0.023946,0.204386
10,72,0.026207,0.247686
11,70,0.023910,0.205296
12,70,0.030170,0.316742
13,62,0.024907,0.222591
14,68,0.025084,0.225456
15,70,0.022718,0.185259
16,78,0.022503,0.179920
17,72,0.024225,0.208934
18,72,0.025643,0.237656
19,78,0.027298,0.266454
20,72,0.022732,0.185475
21,70,0.021013,0.156623
0,0,0.018121,0.117687
1,20,0.019181,0.131648
2,26,0.018511,0.122434
3,26,0.021689,0.168225
4,42,0.036308,0.460285
5,50,0.022813,0.187039
6,36,0.020556,0.149955
7,52,0.030120,0.311115
8,48,0.034643,0.432470
9,72,0.024161,0.207145
10,56,0.035867,0.465102
11,62,0.024116,0.208863
12,68,0.022568,0.181979
13,54,0.021121,0.157755
14,54,0.023206,0.193301
15,70,0.030811,0.327768
16,58,0.022960,0.189523
17,76,0.025342,0.226879
18,66,0.022041,0.174427
19,62,0.035651,0.451922
20,84,0.024278,0.209896
21,70,0.024145,0.209167
0,0,0.018421,0.120665
1,20,0.018412,0.120806
2,16,0.018287,0.119064
3,34,0.020173,0.143820
4,50,0.021713,0.167195
5,48,0.024798,0.217744
6,44,0.020977,0.157744
7,50,0.020024,0.141817
8,58,0.021309,0.162896
9,54,0.020407,0.148128
10,62,0.024916,0.222897
11,62,0.025894,0.237349
12,62,0.037256,0.509176
13,70,0.022299,0.178873
14,72,0.026647,0.254679
15,68,0.028163,0.278816
16,74,0.025220,0.223502
17,72,0.028704,0.294222
18,68,0.022276,0.177254
19,78,0.028984,0.297851
20,72,0.021774,0.169225
21,80,0.033839,0.390704
0,0,0.017899,0.114337
1,20,0.021661,0.164879
2,6,0.017815,0.112770
3,38,0.018147,0.117100
4,40,0.021270,0.162763
5,46,0.022017,0.174767
6,48,0.020935,0.155806
7,52,0.021536,0.165370
8,66,0.030013,0.311851
9,54,0.021333,0.161511
10,62,0.021879,0.173375
11,70,0.024919,0.224448
12,62,0.034796,0.430393
13,58,0.023790,0.198014
14,68,0.022423,0.178757
15,66,0.023572,0.195363
16,60,0.023550,0.196333
17,70,0.033022,0.378924
18,74,0.028013,0.279327
19,70,0.023041,0.186164
20,86,0.039002,0.524641
21,78,0.026158,0.244197
0,0,0.018185,0.117513
1,14,0.033851,0.417805
2,22,0.018501,0.122736
3,42,0.019229,0.130994
4,36,0.024977,0.219518
5,40,0.020803,0.155034
6,54,0.029502,0.302959
7,60,0.023768,0.200803
8,68,0.024308,0.210779
9,66,0.023950,0.206827
10,78,0.032552,0.368364
11,66,0.022250,0.175769
12,66,0.028299,0.274376
13,72,0.022733,0.183449
14,80,0.027778,0.274429
15,74,0.024828,0.221403
16,64,0.021785,0.168250
17,72,0.021963,0.170950
18,80,0.025576,0.232627
19,64,0.035241,0.435180
20,78,0.027537,0.270025
21,74,0.023862,0.204070
0,0,0.017861,0.112992
1,12,0.020771,0.152224
2,8,0.017977,0.115515
3,40,0.020879,0.155200
4,54,0.035637,0.449798
5,48,0.022076,0.173586
6,46,0.020064,0.143392
7,36,0.021200,0.160847
8,54,0.024382,0.212661
9,68,0.023037,0.189559
10,60,0.021037,0.157721
11,58,0.024304,0.210795
12,74,0.033680,0.408741
13,70,0.024809,0.218246
14,64,0.026915,0.259288
15,62,0.024750,0.220295
16,50,0.018917,0.129436
17,86,0.029099,0.300838
18,68,0.021060,0.156075
19,68,0.027401,0.263930
20,74,0.021509,0.165612
21,74,0.025536,0.228003
0,0,0.017918,0.114032
1,16,0.018990,0.127649
2,16,0.023663,0.199413
3,24,0.018624,0.123864
4,36,0.020087,0.142845
5,42,0.018427,0.120571
6,38,0.021402,0.161783
7,54,0.036377,0.466418
8,52,0.020910,0.156459
9,54,0.022942,0.190102
10,58,0.035934,0.452086
11,66,0.035417,0.443283
12,74,0.023782,0.202983
13,66,0.023133,0.192149
14,68,0.024262,0.211459
15,68,0.023755,0.200194
16,52,0.023320,0.194730
17,74,0.025708,0.234342
18,74,0.024505,0.214084
19,72,0.024573,0.217040
20,66,0.027976,0.275878
21,72,0.023807,0.200343
0,0,0.018563,0.122525
1,12,0.018754,0.125078
2,20,0.019053,0.129191
3,46,0.019668,0.136558
4,40,0.021866,0.168592
5,44,0.020697,0.153068
6,52,0.020064,0.144911
7,48,0.020805,0.154482
8,48,0.021994,0.171525
9,50,0.022253,0.175609
10,62,0.026626,0.253012
11,60,0.022645,0.181238
12,56,0.026778,0.258060
13,76,0.022780,0.184031
14,64,0.029731,0.303968
15,60,0.023621,0.200288
16,66,0.042104,0.597793
17,64,0.022264,0.177283
18,70,0.036694,0.477814
19,68,0.021454,0.161878
20,78,0.038246,0.505162
21,68,0.024008,0.207113
0,0,0.018265,0.118587
1,16,0.018854,0.126668
2,26,0.034661,0.427331
3,40,0.022156,0.175058
4,34,0.024889,0.224621
5,48,0.020483,0.149942
6,44,0.035937,0.457273
7,54,0.020805,0.154984
8,54,0.019742,0.139298
9,50,0.023559,0.198390
10,70,0.032230,0.367550
11,72,0.024960,0.219312
12,62,0.021328,0.163304
13,64,0.022422,0.180144
14,80,0.024150,0.207694
15,72,0.023296,0.194072
16,64,0.031137,0.334609
17,70,0.029419,0.311570
18,62,0.020851,0.152983
19,72,0.022714,0.185312
20,66,0.024614,0.218863
21,72,0.025898,0.241864
0,0,0.017581,0.109894
1,8,0.019565,0.135937
2,18,0.018064,0.115316
3,36,0.018795,0.125743
4,62,0.032162,0.358768
5,52,0.024352,0.212155
6,44,0.022195,0.175945
7,54,0.020784,0.152744
8,60,0.029968,0.318237
9,66,0.021785,0.168392
10,50,0.037192,0.483612
11,58,0.021098,0.159315
12,58,0.020591,0.151180
13,68,0.023800,0.202881
14,78,0.022210,0.176881
15,66,0.028680,0.293432
16,66,0.025467,0.231100
17,66,0.022526,0.179213
18,68,0.029692,0.307086
19,66,0.023282,0.194150
20,78,0.023436,0.194406
21,72,0.022163,0.175597
0,0,0.018155,0.117376
1,14,0.018583,0.123396
2,16,0.018356,0.119541
3,36,0.020695,0.152175
4,46,0.020368,0.147624
5,46,0.035458,0.438098
6,38,0.019999,0.141373
7,52,0.020373,0.146903
8,54,0.026740,0.254618
9,54,0.019811,0.138302
10,62,0.024521,0.213775
11,54,0.021545,0.164432
12,62,0.037115,0.480519
13,76,0.025474,0.231707
14,62,0.023016,0.189439
15,70,0.042784,0.620660
16,74,0.022600,0.182265
17,78,0.023180,0.192195
18,72,0.022661,0.180725
19,72,0.023032,0.189163
20,78,0.022991,0.190860
21,74,0.029407,0.304076
0,0,0.018233,0.118429
1,16,0.018803,0.126247
2,22,0.022505,0.179916
3,20,0.019258,0.130560
4,38,0.018076,0.116388
5,34,0.024626,0.212932
6,50,0.024824,0.222302
7,54,0.021062,0.158568
8,36,0.020938,0.155250
9,56,0.021372,0.158527
10,62,0.025677,0.235996
11,58,0.037271,0.480757
12,60,0.036802,0.477024
13,74,0.023263,0.192221
14,76,0.025630,0.236827
15,68,0.022425,0.178674
16,70,0.024781,0.223446
17,76,0.023030,0.185960
18,66,0.022171,0.174097
19,80,0.022195,0.176252
20,64,0.025568,0.234987
21,74,0.027014,0.258703
0,0,0.017810,0.112626
1,12,0.018394,0.120633
2,20,0.018424,0.121309
3,30,0.018485,0.121625
4,50,0.021809,0.168494
5,42,0.025981,0.240950
6,44,0.035309,0.447533
7,46,0.021563,0.164387
8,68,0.020476,0.149076
9,54,0.025170,0.224524
10,54,0.021395,0.165136
11,70,0.023623,0.198591
12,72,0.035911,0.470616
13,74,0.024391,0.211929
14,74,0.035254,0.433200
15,70,0.031458,0.344424
16,76,0.023799,0.200160
17,68,0.021355,0.162225
18,68,0.021876,0.169241
19,82,0.027147,0.259907
20,72,0.024252,0.208492
21,62,0.023633,0.200993
0,0,0.017699,0.111707
1,16,0.020190,0.143638
2,20,0.019826,0.139251
3,32,0.020504,0.148105
4,32,0.021526,0.164664
5,30,0.023143,0.190355
6,42,0.020994,0.158217
7,52,0.023552,0.200220
8,58,0.023449,0.197219
9,60,0.028075,0.280708
10,66,0.022735,0.185121
11,58,0.024587,0.213538
12,66,0.023514,0.199226
13,76,0.025950,0.241942
14,62,0.025663,0.233368
15,74,0.037945,0.520855
16,78,0.023108,0.190746
17,64,0.031296,0.338376
18,66,0.024278,0.210547
19,66,0.021478,0.162914
20,66,0.032663,0.372022
21,66,0.025400,0.230102
0,0,0.018153,0.117737
1,4,0.017921,0.113840
2,20,0.019341,0.132241
3,44,0.019616,0.136796
4,46,0.021944,0.172625
5,52,0.019616,0.137897
6,66,0.031004,0.333548
7,56,0.020975,0.155194
8,54,0.021298,0.161013
9,58,0.021280,0.161496
10,74,0.023574,0.202116
11,54,0.023140,0.190488
12,70,0.025435,0.231909
13,66,0.036754,0.475079
14,64,0.025089,0.225019
15,68,0.021495,0.164109
16,74,0.023178,0.191814
17,74,0.022952,0.190597
18,76,0.021836,0.167902
19,60,0.035532,0.446899
20,76,0.022746,0.188989
21,64,0.027001,0.259653
0,0,0.018174,0.117848
1,12,0.018644,0.123749
2,16,0.018092,0.115599
3,20,0.023237,0.194943
4,36,0.020645,0.151771
5,50,0.024667,0.220351
6,56,0.036341,0.458003
7,40,0.035627,0.451581
8,64,0.021993,0.171443
9,64,0.022831,0.185589
10,72,0.024221,0.210804
11,46,0.025079,0.225395
12,56,0.021845,0.170340
13,68,0.024008,0.202814
14,66,0.025206,0.228774
15,76,0.025880,0.240578
16,76,0.035641,0.442894
17,64,0.023809,0.205881
18,78,0.020503,0.151077
19,70,0.024307,0.214070
20,76,0.025859,0.234394
21,72,0.028020,0.282901
0,0,0.017850,0.114288
1,8,0.018091,0.116576
2,24,0.019155,0.129425
3,6,0.018453,0.121098
4,42,0.020683,0.150862
5,56,0.021648,0.166595
6,58,0.021842,0.169464
7,58,0.023918,0.202864
8,60,0.023641,0.199751
9,66,0.022229,0.175157
10,58,0.020916,0.157313
11,64,0.024226,0.210454
12,68,0.024795,0.217771
13,66,0.023881,0.204559
14,72,0.025763,0.239021
15,70,0.027757,0.283229
16,82,0.024897,0.220471
17,74,0.032806,0.390360
18,74,0.026710,0.256438
19,74,0.021826,0.169143
20,74,0.034962,0.433199
21,74,0.022847,0.184585
0,0,0.017561,0.110138
1,10,0.019086,0.130213
2,32,0.021340,0.161070
3,26,0.024535,0.213563
4,42,0.024167,0.211581
5,34,0.035285,0.444410
6,60,0.020538,0.152158
7,52,0.023699,0.199709
8,56,0.036974,0.491834
9,66,0.035550,0.444248
10,60,0.023913,0.205625
11,62,0.020111,0.144168
12,74,0.023598,0.197534
13,62,0.023006,0.188123
14,72,0.024134,0.209116
15,68,0.037890,0.502405
16,76,0.022740,0.186164
17,80,0.023316,0.193082
18,84,0.027499,0.269584
19,82,0.025418,0.231640
20,76,0.023829,0.202753
21,78,0.024010,0.206447
0,0,0.018069,0.116729
1,12,0.018418,0.119783
2,18,0.020097,0.144304
3,26,0.019677,0.135896
4,46,0.022952,0.190649
5,60,0.031865,0.358900
6,52,0.020868,0.155607
7,54,0.021167,0.158754
8,58,0.024067,0.207119
9,52,0.023664,0.199256
10,68,0.022689,0.183235
11,64,0.030517,0.322713
12,62,0.025238,0.230352
13,66,0.024261,0.211274
14,72,0.024782,0.220469
15,76,0.024473,0.213232
16,74,0.024948,0.223523
17,72,0.038046,0.502945
18,66,0.021036,0.155956
19,78,0.023484,0.195732
20,68,0.027220,0.264965
21,68,0.022412,0.178130
0,0,0.017846,0.113491
1,10,0.019428,0.135321
2,14,0.021116,0.156371
3,24,0.019020,0.127226
4,50,0.020924,0.157090
5,48,0.023130,0.192032
6,64,0.032013,0.361684
7,64,0.024216,0.208851
8,68,0.041983,0.592254
9,54,0.023713,0.202219
10,58,0.026607,0.250289
11,70,0.025153,0.226960
12,56,0.021409,0.161955
13,62,0.021662,0.166126
14,68,0.024468,0.214378
15,76,0.024795,0.219865
16,62,0.036208,0.470347
17,82,0.027714,0.273656
18,70,0.026704,0.258977
19,72,0.023549,0.198282
20,70,0.035749,0.445776
21,72,0.024815,0.219659
0,0,0.017618,0.110400
1,6,0.018094,0.116752
2,24,0.022601,0.181224
3,34,0.034182,0.419721
4,38,0.023907,0.201257
5,40,0.022081,0.173601
6,42,0.020307,0.145346
7,74,0.022862,0.186304
8,56,0.025468,0.228786
9,58,0.030346,0.320279
10,66,0.021451,0.163728
11,60,0.036056,0.461828
12,62,0.024937,0.223045
13,58,0.020427,0.148980
14,56,0.022228,0.177822
15,62,0.025269,0.223279
16,60,0.025758,0.234019
17,64,0.026190,0.246028
18,58,0.023332,0.194978
19,76,0.036930,0.486260
20,78,0.036609,0.470198
21,72,0.026122,0.243449
0,0,0.018537,0.121649
1,16,0.022583,0.182317
2,24,0.019458,0.134438
3,28,0.022674,0.184552
4,34,0.023528,0.196636
5,40,0.024050,0.207986
6,32,0.023670,0.199382
7,54,0.026901,0.257709
8,52,0.021043,0.159652
9,48,0.021794,0.168035
10,68,0.022487,0.181312
11,68,0.021229,0.159088
12,70,0.024314,0.210609
13,78,0.024268,0.210315
14,50,0.019984,0.140870
15,66,0.029891,0.309077
16,70,0.021448,0.162799
17,70,0.021990,0.173427
18,66,0.021453,0.161564
19,74,0.023101,0.190516
20,70,0.030329,0.320862
21,68,0.023608,0.198498
0,0,0.017864,0.113727
1,14,0.019235,0.132385
2,16,0.021122,0.160784
3,44,0.023162,0.190238
4,38,0.022101,0.172786
5,64,0.022747,0.183853
6,52,0.021703,0.166231
7,62,0.021593,0.165456
8,44,0.023282,0.193015
9,70,0.036727,0.491133
10,62,0.027780,0.279312
11,74,0.029975,0.323194
12,72,0.023082,0.190550
13,58,0.024060,0.207096
14,64,0.027660,0.272779
15,48,0.020935,0.156011
16,72,0.037191,0.474819
17,74,0.025287,0.230704
18,68,0.021477,0.165040
19,74,0.023828,0.203727
20,82,0.025589,0.236409
21,76,0.026974,0.259277
0,0,0.018105,0.115868
1,22,0.018915,0.128371
2,10,0.018393,0.120210
3,24,0.022820,0.187515
4,48,0.022956,0.188518
5,48,0.022617,0.182715
6,52,0.022284,0.177095
7,68,0.025449,0.231102
8,52,0.025890,0.237960
9,54,0.035104,0.430808
10,72,0.022970,0.188313
11,52,0.025756,0.237010
12,68,0.023248,0.191491
13,70,0.023016,0.188703
14,60,0.035547,0.450521
15,82,0.026323,0.247598
16,70,0.026871,0.259924
17,72,0.030991,0.337420
18,74,0.029776,0.300888
19,62,0.029363,0.307255
20,64,0.027107,0.260304
21,68,0.023835,0.208030
0,0,0.018633,0.123682
1,14,0.020375,0.145597
2,22,0.019734,0.139001
3,32,0.019352,0.133867
4,32,0.021040,0.156477
5,36,0.021474,0.162720
6,40,0.021651,0.166243
7,50,0.023530,0.196768
8,50,0.020112,0.144939
9,78,0.022254,0.178086
10,50,0.022505,0.180349
11,66,0.024187,0.209631
12,68,0.027069,0.261146
13,64,0.025982,0.244923
14,70,0.022632,0.183457
15,68,0.023743,0.201308
16,72,0.021648,0.167120
17,66,0.036789,0.484130
18,64,0.021237,0.159976
19,76,0.036069,0.463203
20,76,0.025492,0.232667
21,60,0.023496,0.197178
0,0,0.018444,0.123016
1,12,0.018087,0.116381
2,20,0.020194,0.143919
3,34,0.036089,0.458100
4,38,0.020314,0.146813
5,56,0.024404,0.217050
6,40,0.035238,0.432322
7,44,0.021679,0.167336
8,52,0.021225,0.161281
9,66,0.031570,0.354856
10,60,0.023056,0.191331
11,64,0.029643,0.309775
12,62,0.022255,0.173409
13,66,0.024433,0.213824
14,60,0.025898,0.238581
15,70,0.021273,0.160676
16,80,0.024858,0.222041
17,80,0.024854,0.227463
18,76,0.024115,0.203098
19,74,0.036450,0.479485
20,84,0.027993,0.277272
21,78,0.023570,0.197036
0,0,0.018329,0.120216
1,20,0.020311,0.147024
2,18,0.018445,0.120858
3,34,0.019158,0.130013
4,50,0.024799,0.219658
5,38,0.021324,0.160817
6,40,0.019409,0.134567
7,46,0.022097,0.174217
8,46,0.024139,0.208959
9,58,0.021025,0.158115
10,72,0.021515,0.164360
11,50,0.035499,0.455355
12,56,0.024127,0.206148
13,70,0.021806,0.171411
14,68,0.024838,0.220835
15,82,0.025924,0.239044
16,74,0.038788,0.511388
17,86,0.026480,0.251506
18,80,0.036451,0.466629
19,72,0.035718,0.460373
20,74,0.025285,0.223178
21,78,0.024100,0.206901
0,0,0.018028,0.114590
1,14,0.018992,0.128737
2,16,0.017660,0.111405
3,40,0.019344,0.134886
4,24,0.021070,0.155858
5,44,0.019008,0.129288
6,58,0.024835,0.224122
7,58,0.024475,0.213502
8,50,0.029283,0.305667
9,66,0.022871,0.185269
10,66,0.025544,0.231997
11,54,0.021521,0.166307
12,60,0.020941,0.156379
13,70,0.030284,0.328658
14,72,0.026590,0.248645
15,76,0.024012,0.204755
16,72,0.023446,0.197491
17,82,0.026206,0.246159
18,72,0.029928,0.320556
19,76,0.021597,0.166332
20,72,0.025242,0.227335
21,66,0.024830,0.220021
0,0,0.017881,0.114585
1,4,0.018526,0.121183
2,18,0.018336,0.120547
3,28,0.020381,0.148980
4,38,0.021657,0.167399
5,66,0.023809,0.200575
6,44,0.021044,0.159079
7,74,0.025946,0.240685
8,56,0.020193,0.145689
9,80,0.024704,0.216724
10,58,0.019637,0.137088
11,62,0.036709,0.478749
12,54,0.026760,0.255865
13,66,0.023652,0.199353
14,60,0.022780,0.183739
15,72,0.029907,0.308227
16,64,0.025572,0.233504
17,74,0.023079,0.192435
18,68,0.029817,0.304906
19,70,0.027691,0.275151
20,66,0.024906,0.219764
21,72,0.027581,0.270333
0,0,0.018467,0.121150
1,8,0.018727,0.124226
2,24,0.019327,0.134304
3,30,0.020933,0.154778
4,12,0.033750,0.416377
5,44,0.020169,0.147093
6,34,0.023562,0.199031
7,50,0.023947,0.201932
8,62,0.030637,0.328362
9,64,0.025220,0.228475
10,80,0.024673,0.218303
11,70,0.025778,0.237973
12,70,0.024238,0.206689
13,72,0.023689,0.201921
14,72,0.028184,0.284573
15,64,0.030630,0.321592
16,78,0.024027,0.205467
17,72,0.023016,0.188209
18,72,0.027699,0.269218
19,66,0.025768,0.238826
20,76,0.023717,0.200326
21,76,0.026432,0.247516
0,0,0.018104,0.116469
1,14,0.017978,0.115192
2,30,0.021287,0.158418
3,22,0.018833,0.124616
4,32,0.021552,0.164751
5,56,0.022954,0.192717
6,50,0.019148,0.130411
7,54,0.020831,0.156275
8,48,0.022874,0.189139
9,66,0.023077,0.186835
10,56,0.026608,0.250090
11,68,0.022656,0.182429
12,62,0.022596,0.182207
13,66,0.024760,0.218373
14,66,0.021685,0.167958
15,72,0.022987,0.189205
16,76,0.023933,0.205151
17,70,0.023607,0.201177
18,66,0.024366,0.213265
19,68,0.023417,0.195089
20,60,0.035828,0.465360
21,76,0.027754,0.275443
0,0,0.018064,0.117077
1,10,0.018437,0.121275
2,14,0.018224,0.120121
3,30,0.020715,0.150404
4,44,0.021571,0.163610
5,46,0.023431,0.196874
6,62,0.031455,0.339288
7,64,0.021545,0.166804
8,58,0.019176,0.132268
9,52,0.023436,0.198273
10,52,0.036967,0.486643
11,66,0.035107,0.444217
12,66,0.021148,0.157869
13,66,0.019474,0.136120
14,52,0.024139,0.208438
15,64,0.021950,0.171640
16,64,0.022858,0.185280
17,68,0.026098,0.242003
18,68,0.024437,0.213832
19,74,0.020794,0.155086
20,66,0.025450,0.238397
21,76,0.029671,0.308754
0,0,0.018115,0.116532
1,14,0.019679,0.138396
2,22,0.018490,0.121877
3,36,0.020563,0.150008
4,34,0.022893,0.186834
5,36,0.021663,0.166114
6,56,0.021045,0.157006
7,52,0.020999,0.155310
8,58,0.027157,0.262340
9,56,0.021200,0.157290
10,62,0.021167,0.158124
11,66,0.027884,0.275691
12,74,0.023273,0.194484
13,68,0.023566,0.199340
14,72,0.025086,0.222304
15,60,0.020649,0.151186
16,64,0.034899,0.438538
17,66,0.026379,0.246288
18,72,0.037131,0.475845
19,58,0.023924,0.206711
20,68,0.023237,0.193754
21,72,0.025077,0.223933
0,0,0.017890,0.113898
1,16,0.020079,0.142369
2,28,0.021872,0.168852
3,34,0.035274,0.443003
4,52,0.020904,0.156594
5,40,0.024016,0.204112
6,52,0.022248,0.174009
7,54,0.035643,0.440275
8,52,0.031057,0.334676
9,66,0.036318,0.459678
10,68,0.026093,0.243927
11,66,0.026562,0.253077
12,66,0.023012,0.189224
13,76,0.029068,0.304089
14,76,0.024876,0.218812
15,78,0.038071,0.505185
16,66,0.021494,0.165581
17,72,0.022495,0.178164
18,76,0.022157,0.176273
19,82,0.021929,0.171092
20,72,0.025227,0.228353
21,72,0.022888,0.185714
0,0,0.017570,0.111150
1,26,0.018381,0.121556
2,24,0.021754,0.165962
3,14,0.028812,0.283182
4,50,0.020559,0.150579
5,44,0.019071,0.128481
6,54,0.024407,0.210958
7,40,0.019392,0.133564
8,52,0.021035,0.158556
9,64,0.022579,0.179956
10,68,0.022084,0.174250
11,70,0.019837,0.141924
12,68,0.021083,0.159145
13,64,0.021903,0.174057
14,70,0.023967,0.209176
15,74,0.023865,0.203703
16,74,0.025949,0.236917
17,80,0.024674,0.212828
18,74,0.034531,0.413357
19,80,0.025939,0.238201
20,74,0.027674,0.272991
21,74,0.023153,0.194642
0,0,0.017958,0.114314
1,22,0.019238,0.131787
2,4,0.018415,0.120540
3,42,0.020501,0.149584
4,20,0.018567,0.123968
5,42,0.027121,0.260114
6,54,0.021562,0.165589
7,58,0.028986,0.304749
8,66,0.023976,0.204219
9,58,0.025495,0.232536
10,52,0.027187,0.264965
11,70,0.028060,0.279900
12,54,0.023812,0.201255
13,64,0.020774,0.154001
14,62,0.021390,0.162519
15,74,0.026482,0.249594
16,66,0.021052,0.159121
17,68,0.020567,0.151262
18,66,0.022144,0.173003
19,64,0.022907,0.187203
20,78,0.024020,0.204627
21,68,0.022120,0.173706
0,0,0.017807,0.113256
1,8,0.018161,0.117635
2,26,0.020771,0.153251
3,34,0.022831,0.186775
4,30,0.019001,0.128938
5,50,0.028288,0.274535
6,58,0.020808,0.155664
7,54,0.022006,0.173499
8,62,0.021014,0.156392
9,60,0.023165,0.193424
10,64,0.022616,0.179126
11,50,0.021387,0.160848
12,50,0.026047,0.238361
13,68,0.023304,0.195234
14,54,0.021423,0.163000
15,66,0.027514,0.270787
16,62,0.022118,0.171915
17,74,0.039096,0.535565
18,72,0.025585,0.232468
19,70,0.023675,0.199288
20,74,0.023952,0.203310
21,60,0.029412,0.304253
0,0,0.017787,0.113397
1,20,0.019576,0.137653
2,28,0.021897,0.169970
3,26,0.019410,0.135469
4,32,0.020757,0.152152
5,44,0.020244,0.144797
6,40,0.020049,0.143381
7,60,0.022167,0.174713
8,48,0.021692,0.167891
9,62,0.023310,0.193607
10,50,0.028494,0.291301
11,58,0.023383,0.196493
12,58,0.024554,0.219098
13,72,0.022835,0.186469
14,72,0.026610,0.249430
15,74,0.030546,0.327632
16,72,0.025448,0.226964
17,82,0.025268,0.225481
18,78,0.022779,0.185757
19,68,0.030500,0.324637
20,74,0.027431,0.263601
21,66,0.021471,0.164198
0,0,0.018180,0.117617
1,14,0.022715,0.179290
2,34,0.021518,0.164091
3,24,0.021034,0.157689
4,42,0.036081,0.454692
5,54,0.026823,0.259828
6,52,0.025994,0.242796
7,60,0.034947,0.440087
8,54,0.020939,0.155606
9,62,0.024943,0.221966
10,48,0.022906,0.187160
11,70,0.024092,0.204742
12,68,0.023163,0.189874
13,68,0.021480,0.163449
14,74,0.026744,0.255862
15,68,0.021954,0.172670
16,74,0.023133,0.189628
17,52,0.036152,0.465241
18,68,0.025145,0.226904
19,62,0.024240,0.209974
20,78,0.028350,0.286378
21,84,0.027929,0.277238
0,0,0.018478,0.121194
1,10,0.018688,0.123032
2,24,0.028048,0.285503
3,44,0.022766,0.182702
4,44,0.022447,0.181706
5,52,0.021291,0.161405
6,52,0.034819,0.434736
7,50,0.024068,0.207538
8,48,0.022704,0.182705
9,64,0.026233,0.246718
10,66,0.022509,0.181097
11,60,0.021868,0.168373
12,50,0.035350,0.442687
13,72,0.023888,0.204256
14,58,0.023196,0.192036
15,68,0.023363,0.196023
16,56,0.037007,0.477067
17,64,0.024636,0.216442
18,66,0.024624,0.217888
19,74,0.023571,0.198847
20,64,0.023044,0.190828
21,80,0.023818,0.200704
0,0,0.018445,0.120098
1,10,0.018245,0.118743
2,38,0.021988,0.169116
3,30,0.018423,0.121533
4,40,0.021300,0.162963
5,42,0.021898,0.172959
6,46,0.022498,0.176903
7,56,0.030416,0.315509
8,62,0.025382,0.229058
9,64,0.023990,0.206249
10,74,0.021745,0.169932
11,70,0.023754,0.198745
12,68,0.024475,0.211449
13,58,0.027015,0.260908
14,72,0.036439,0.468066
15,74,0.026378,0.252427
16,66,0.020459,0.148667
17,78,0.029582,0.313261
18,72,0.024286,0.209582
19,68,0.030168,0.318330
20,72,0.024514,0.213054
21,76,0.024483,0.211802
0,0,0.018166,0.116882
1,12,0.018263,0.118631
2,12,0.018245,0.120023
3,36,0.023994,0.202411
4,30,0.021463,0.164028
5,40,0.020861,0.155166
6,52,0.021567,0.166574
7,52,0.030085,0.317077
8,56,0.028636,0.290384
9,62,0.025464,0.227976
10,62,0.025339,0.230450
11,46,0.029990,0.309323
12,56,0.036984,0.486072
13,72,0.024550,0.214441
14,70,0.024243,0.210013
15,66,0.026645,0.249583
16,68,0.023019,0.189245
17,74,0.023920,0.204274
18,68,0.025416,0.229488
19,72,0.022940,0.186701
20,72,0.020766,0.154778
21,82,0.023975,0.207369
0,0,0.017963,0.114992
1,8,0.018266,0.118793
2,30,0.019609,0.136542
3,34,0.020269,0.147706
4,44,0.022009,0.171638
5,38,0.020618,0.149924
6,42,0.018594,0.123432
7,60,0.023197,0.191433
8,68,0.026084,0.243736
9,62,0.024770,0.219425
10,56,0.020800,0.154347
11,62,0.022083,0.173009
12,80,0.027871,0.278514
13,64,0.031587,0.348007
14,70,0.020600,0.150188
15,66,0.027083,0.265105
16,64,0.024463,0.211653
17,80,0.027511,0.270419
18,62,0.030030,0.322676
19,80,0.025635,0.235280
20,86,0.027410,0.264415
21,68,0.036601,0.465004
0,0,0.017989,0.114861
1,10,0.028617,0.282042
2,20,0.020000,0.142325
3,28,0.019766,0.139664
4,40,0.019128,0.130835
5,44,0.020023,0.142940
6,44,0.020873,0.155182
7,56,0.022243,0.175496
8,64,0.020153,0.145542
9,62,0.036689,0.472264
10,52,0.021920,0.172411
11,76,0.024286,0.208078
12,58,0.027715,0.271018
13,74,0.024569,0.214162
14,48,0.023143,0.190365
15,76,0.026402,0.250317
16,68,0.023226,0.194031
17,68,0.036704,0.480145
18,74,0.023912,0.202875
19,70,0.032603,0.367210
20,70,0.024820,0.219784
21,76,0.022196,0.175005
0,0,0.018371,0.119906
1,12,0.018286,0.118294
2,18,0.018430,0.120938
3,24,0.018227,0.117774
4,50,0.021985,0.171735
5,46,0.035290,0.433387
6,44,0.021469,0.163507
7,54,0.035382,0.435697
8,44,0.020955,0.155595
9,56,0.020238,0.145129
10,62,0.022728,0.183735
11,60,0.037203,0.483177
12,62,0.031263,0.349893
13,58,0.021625,0.166411
14,54,0.024218,0.209481
15,68,0.024522,0.214701
16,74,0.025663,0.234469
17,66,0.036518,0.467779
18,68,0.022590,0.182077
19,68,0.021089,0.158014
20,76,0.036944,0.484549
21,72,0.027708,0.275004
0,0,0.018639,0.123346
1,22,0.019223,0.131799
2,32,0.020712,0.153799
3,34,0.021705,0.169242
4,42,0.018136,0.117376
5,44,0.020949,0.154887
6,56,0.022195,0.176514
7,52,0.021908,0.171732
8,54,0.036005,0.460073
9,72,0.026467,0.251544
10,62,0.024789,0.215685
11,52,0.022156,0.174917
12,56,0.024027,0.205845
13,74,0.029063,0.298982
14,50,0.022480,0.178881
15,62,0.020156,0.145719
16,72,0.025490,0.232761
17,70,0.026576,0.259616
18,72,0.025193,0.228207
19,66,0.022524,0.181173
20,70,0.035921,0.458762
21,74,0.021810,0.168173
0,0,0.017770,0.112949
1,14,0.018806,0.125857
2,26,0.017983,0.115409
3,30,0.021701,0.167221
4,60,0.028879,0.291004
5,36,0.020864,0.156410
6,54,0.022166,0.176666
7,58,0.031659,0.347828
8,58,0.021939,0.170191
9,74,0.029168,0.303752
10,56,0.020781,0.155813
11,70,0.023500,0.195047
12,62,0.024533,0.221955
13,68,0.028811,0.299023
14,50,0.023680,0.196086
15,74,0.023437,0.195365
16,78,0.023657,0.200412
17,84,0.030996,0.333769
18,78,0.024882,0.220913
19,72,0.025247,0.225850
20,68,0.024876,0.218924
21,72,0.025494,0.232047
0,0,0.018130,0.117843
1,14,0.019322,0.133480
2,22,0.020300,0.146406
3,32,0.023279,0.192692
4,52,0.021914,0.173674
5,52,0.041926,0.586878
6,40,0.019328,0.134367
7,64,0.024310,0.213706
8,58,0.025049,0.226203
9,62,0.023795,0.203500
10,60,0.021529,0.164083
11,56,0.023202,0.190167
12,66,0.021395,0.163040
13,54,0.021572,0.166262
14,58,0.022449,0.179939
15,50,0.019231,0.132527
16,68,0.024099,0.206850
17,76,0.022075,0.174623
18,74,0.024418,0.211086
19,56,0.029811,0.304303
20,82,0.027712,0.271036
21,66,0.023138,0.189070
0,0,0.017906,0.114610
1,14,0.019402,0.133639
2,22,0.020782,0.151027
3,36,0.021956,0.172947
4,48,0.032728,0.380940
5,46,0.023947,0.205300
6,44,0.020740,0.152227
7,54,0.022665,0.181555
8,58,0.022954,0.187731
9,60,0.035690,0.447419
10,68,0.026545,0.248052
11,68,0.020702,0.151659
12,60,0.025269,0.230157
13,72,0.034146,0.415661
14,72,0.022115,0.173137
15,82,0.027405,0.263714
16,74,0.023192,0.191455
17,72,0.026221,0.245146
18,80,0.025866,0.238996
19,76,0.022183,0.176143
20,64,0.024004,0.206745
21,74,0.022691,0.181901
0,0,0.018560,0.122262
1,12,0.017872,0.114045
2,32,0.021271,0.158524
3,14,0.018595,0.123083
4,36,0.023344,0.191688
5,62,0.020161,0.143316
6,42,0.022506,0.177726
7,54,0.019645,0.136377
8,72,0.020752,0.155370
9,50,0.019408,0.135268
10,60,0.023276,0.193501
11,70,0.023295,0.193130
12,62,0.022826,0.183674
13,70,0.024501,0.214318
14,60,0.021862,0.169090
15,64,0.020383,0.147155
16,50,0.020930,0.154388
17,76,0.031747,0.355725
18,80,0.025588,0.234543
19,66,0.021930,0.172115
20,78,0.024194,0.207601
21,76,0.022127,0.174595
0,0,0.018037,0.116553
1,14,0.018623,0.123983
2,32,0.018700,0.125265
3,36,0.019791,0.139923
4,28,0.020532,0.151890
5,52,0.020069,0.143123
6,50,0.024272,0.210316
7,56,0.035836,0.458081
8,54,0.021626,0.167594
9,54,0.021908,0.171440
10,54,0.021286,0.161360
11,72,0.026084,0.243395
12,62,0.022864,0.186349
13,68,0.026301,0.250274
14,54,0.027357,0.267857
15,58,0.023006,0.186100
16,72,0.021969,0.171456
17,58,0.020822,0.152508
18,66,0.035772,0.462653
19,66,0.020620,0.151789
20,68,0.027118,0.261457
21,74,0.026815,0.254708
0,0,0.018193,0.117442
1,12,0.018082,0.116218
2,14,0.018930,0.127365
3,34,0.018617,0.124996
4,48,0.024957,0.215257
5,68,0.022434,0.176524
6,44,0.024621,0.213357
7,56,0.021595,0.165678
8,54,0.023695,0.205302
9,52,0.023426,0.196134
10,62,0.023906,0.204697
11,58,0.025302,0.228551
12,62,0.020650,0.151775
13,46,0.025704,0.235159
14,66,0.022882,0.189345
15,72,0.023542,0.198903
16,82,0.034969,0.437353
17,64,0.036266,0.461703
18,70,0.025086,0.222182
19,82,0.025154,0.224490
20,68,0.022224,0.175745
21,66,0.022581,0.181069
0,0,0.017742,0.112497
1,20,0.019249,0.132616
2,26,0.019306,0.132540
3,40,0.018851,0.125214
4,34,0.020189,0.145780
5,56,0.028588,0.281397
6,32,0.019184,0.131125
7,56,0.020293,0.144851
8,50,0.020971,0.157200
9,62,0.022130,0.175018
10,72,0.022121,0.175502
11,60,0.021094,0.162092
12,58,0.019747,0.138853
13,70,0.022253,0.176389
14,62,0.035350,0.443524
15,74,0.027505,0.270567
16,74,0.033740,0.405550
17,60,0.025858,0.235094
18,66,0.023132,0.189790
19,72,0.024430,0.211905
20,70,0.021952,0.172327
21,70,0.026975,0.252275
0,0,0.017532,0.110245
1,24,0.020781,0.153797
2,26,0.035942,0.462153
3,12,0.018347,0.120348
4,24,0.034724,0.427038
5,44,0.020134,0.143773
6,46,0.019080,0.129579
7,52,0.022604,0.179130
8,66,0.025192,0.225647
9,52,0.020313,0.146246
10,58,0.022823,0.184127
11,78,0.021880,0.171285
12,66,0.024302,0.209627
13,70,0.022164,0.174606
14,70,0.035388,0.444213
15,66,0.023571,0.199336
16,76,0.035995,0.462559
17,68,0.023031,0.189502
18,68,0.020488,0.150151
19,80,0.023021,0.192243
20,74,0.029415,0.299540
21,74,0.022622,0.182046
0,0,0.018589,0.122556
1,6,0.017803,0.112814
2,28,0.020474,0.149778
3,38,0.020505,0.148053
4,38,0.022600,0.181296
5,32,0.028236,0.292187
6,52,0.022926,0.188605
7,52,0.023526,0.198420
8,50,0.020231,0.146709
9,62,0.022651,0.183407
10,56,0.021671,0.166449
11,56,0.024814,0.218926
12,62,0.035692,0.452488
13,80,0.030422,0.321215
14,64,0.020394,0.147892
15,76,0.024602,0.218015
16,70,0.025671,0.232782
17,78,0.025797,0.237535
18,70,0.036125,0.466073
19,64,0.022250,0.176679
20,76,0.022239,0.176126
21,76,0.035819,0.455322
0,0,0.018960,0.127428
1,0,0.018242,0.117652
2,14,0.018406,0.120631
3,44,0.021552,0.164285
4,52,0.029569,0.301639
5,46,0.018785,0.127148
6,48,0.038224,0.516486
7,66,0.024573,0.216690
8,52,0.024036,0.207171
9,52,0.035598,0.452450
10,60,0.021009,0.155945
11,74,0.025824,0.235148
12,72,0.028560,0.288826
13,72,0.022122,0.173308
14,66,0.022322,0.179112
15,68,0.022475,0.178440
16,64,0.023176,0.190349
17,46,0.021350,0.162346
18,66,0.023475,0.194840
19,74,0.022706,0.184468
20,72,0.027104,0.259344
21,62,0.024850,0.218139
0,0,0.018099,0.116183
1,20,0.018400,0.120634
2,20,0.018255,0.119435
3,40,0.019224,0.130829
4,46,0.024537,0.213304
5,30,0.035131,0.437191
6,48,0.024403,0.210327
7,56,0.021472,0.162810
8,66,0.022101,0.173325
9,62,0.028379,0.275530
10,74,0.027542,0.271308
11,46,0.020811,0.154385
12,64,0.026889,0.258818
13,66,0.021853,0.169228
14,66,0.025192,0.222896
15,82,0.025285,0.230990
16,72,0.021899,0.173206
17,70,0.023461,0.198366
18,70,0.039477,0.528094
19,68,0.022506,0.181880
20,76,0.022109,0.174842
21,70,0.022695,0.184464
0,0,0.017996,0.116110
1,10,0.018551,0.122467
2,18,0.018383,0.120864
3,30,0.033898,0.412308
4,32,0.024703,0.215070
5,20,0.022250,0.177317
6,44,0.035946,0.448329
7,58,0.022266,0.176417
8,62,0.021405,0.162671
9,52,0.034387,0.428905
10,62,0.022909,0.185080
11,54,0.026793,0.253938
12,68,0.025323,0.229699
13,58,0.021954,0.169603
14,74,0.024298,0.209838
15,72,0.036066,0.461966
16,74,0.024279,0.208846
17,70,0.027609,0.270595
18,66,0.021726,0.167374
19,60,0.031398,0.340440
20,72,0.024531,0.214330
21,68,0.021559,0.164890
0,0,0.017488,0.110245
1,6,0.018728,0.124296
2,30,0.019002,0.128679
3,32,0.020250,0.147620
4,32,0.021715,0.166843
5,46,0.020855,0.155342
6,38,0.019751,0.138414
7,54,0.025356,0.231016
8,54,0.035340,0.446339
9,46,0.021873,0.170077
10,62,0.024868,0.224590
11,58,0.024438,0.214461
12,74,0.039234,0.526160
13,66,0.037386,0.472640
14,58,0.036501,0.470958
15,68,0.024061,0.203486
16,70,0.037730,0.506482
17,72,0.025478,0.232647
18,66,0.023430,0.197630
19,78,0.023541,0.200061
20,70,0.025943,0.239996
21,76,0.026271,0.241844
0,0,0.018150,0.117552
1,0,0.017979,0.115833
2,24,0.020832,0.150903
3,36,0.019971,0.142876
4,38,0.020661,0.150532
5,54,0.023878,0.204500
6,56,0.021864,0.168760
7,52,0.023515,0.197806
8,62,0.025652,0.230972
9,74,0.021421,0.163730
10,62,0.025390,0.230913
11,58,0.019408,0.133968
12,72,0.026616,0.251483
13,66,0.022900,0.187467
14,64,0.023797,0.203185
15,66,0.021666,0.167953
16,54,0.027141,0.256594
17,62,0.021340,0.164082
18,68,0.026684,0.255371
19,68,0.021981,0.173220
20,68,0.023113,0.191068
21,70,0.023888,0.200786
0,0,0.018573,0.122383
1,16,0.018961,0.127600
2,14,0.017731,0.112507
3,54,0.025205,0.227329
4,56,0.020464,0.148345
5,42,0.021108,0.158345
6,62,0.022537,0.182053
7,44,0.020396,0.148407
8,60,0.036150,0.465377
9,62,0.021449,0.164186
10,52,0.023154,0.190072
11,60,0.022652,0.181529
12,68,0.037644,0.500078
13,76,0.036832,0.472130
14,80,0.021844,0.171294
15,86,0.025873,0.239760
16,76,0.025022,0.223131
17,72,0.024998,0.218870
18,64,0.019976,0.141295
19,66,0.022320,0.177285
20,76,0.033219,0.388319
21,78,0.036541,0.471793
0,0,0.017861,0.112906
1,12,0.019670,0.137496
2,40,0.022608,0.183038
3,36,0.020630,0.151660
4,44,0.020760,0.152974
5,48,0.027472,0.269536
6,46,0.025699,0.235473
7,64,0.024664,0.215321
8,66,0.023262,0.195435
9,58,0.036057,0.476560
10,72,0.025169,0.227011
11,70,0.023798,0.200361
12,54,0.024650,0.219145
13,64,0.036437,0.459789
14,66,0.029184,0.305153
15,66,0.030343,0.323277
16,72,0.020895,0.153751
17,64,0.031028,0.333946
18,72,0.027616,0.269991
19,74,0.024597,0.215236
20,74,0.031462,0.346394
21,64,0.023108,0.190938
0,0,0.017907,0.114342
1,10,0.018417,0.120567
2,0,0.018348,0.118674
3,26,0.020717,0.151614
4,30,0.020189,0.143797
5,38,0.021173,0.160017
6,66,0.027405,0.270830
7,54,0.021098,0.159165
8,58,0.020181,0.144371
9,66,0.024294,0.208087
10,54,0.027333,0.268958
11,62,0.022224,0.175521
12,68,0.024725,0.217135
13,60,0.025246,0.230055
14,64,0.023629,0.200594
15,62,0.023594,0.199344
16,78,0.025657,0.241672
17,64,0.024462,0.213450
18,80,0.026767,0.253288
19,64,0.022095,0.172069
20,76,0.028405,0.286552
21,64,0.037372,0.494919
0,0,0.018251,0.118291
1,14,0.018184,0.119404
2,14,0.019998,0.140797
3,46,0.023642,0.195300
4,38,0.019269,0.132121
5,60,0.021686,0.166112
6,64,0.025920,0.237991
7,56,0.025511,0.229983
8,66,0.023512,0.195544
9,70,0.026096,0.244387
10,48,0.025426,0.228452
11,68,0.025924,0.236994
12,72,0.036786,0.485833
13,72,0.022653,0.184960
14,62,0.036165,0.467266
15,74,0.030912,0.343217
16,62,0.024182,0.209608
17,68,0.025347,0.231106
18,72,0.023268,0.192778
19,58,0.035327,0.445324
20,84,0.025465,0.229259
21,72,0.025763,0.237097
0,0,0.017996,0.114959
1,12,0.033931,0.405225
2,20,0.018375,0.120322
3,24,0.022596,0.184495
4,38,0.021991,0.169792
5,54,0.024850,0.219619
6,20,0.017963,0.115216
7,46,0.021899,0.171541
8,50,0.021903,0.170392
9,66,0.023992,0.204515
10,60,0.021879,0.168000
11,58,0.023469,0.195823
12,58,0.023512,0.196816
13,58,0.022153,0.172341
14,64,0.023631,0.199700
15,74,0.024750,0.223123
16,78,0.020388,0.147337
17,76,0.031519,0.345463
18,70,0.026643,0.251086
19,68,0.036515,0.461815
20,64,0.023270,0.194650
21,74,0.023988,0.204596
0,0,0.017747,0.111633
1,0,0.017826,0.113205
2,26,0.022614,0.183106
3,36,0.020947,0.155991
4,40,0.020612,0.151258
5,38,0.018710,0.124663
6,60,0.027983,0.278124
7,62,0.022398,0.179522
8,54,0.022627,0.179581
9,56,0.021613,0.164063
10,62,0.025000,0.222524
11,60,0.025603,0.237643
12,66,0.039923,0.542927
13,66,0.023593,0.198647
14,80,0.039014,0.538930
15,62,0.025247,0.224098
16,76,0.024974,0.225595
17,82,0.029578,0.313411
18,56,0.023726,0.198416
19,70,0.022720,0.183969
20,76,0.036136,0.462463
21,84,0.023158,0.191431
0,0,0.017932,0.114436
1,26,0.018272,0.119644
2,28,0.019167,0.130046
3,34,0.036372,0.473684
4,52,0.023377,0.193717
5,52,0.026037,0.236884
6,54,0.023579,0.196009
7,62,0.031461,0.350207
8,52,0.023389,0.197546
9,56,0.023293,0.197077
10,58,0.022656,0.184390
11,58,0.022473,0.180357
12,64,0.030894,0.329152
13,66,0.020238,0.147983
14,74,0.025994,0.242869
15,68,0.025455,0.230419
16,66,0.025219,0.227271
17,66,0.025993,0.239760
18,74,0.036843,0.469821
19,72,0.027182,0.261228
20,72,0.027175,0.263124
21,48,0.022114,0.175085
0,0,0.018238,0.119291
1,4,0.018072,0.116323
2,24,0.019509,0.134804
3,50,0.021716,0.168330
4,50,0.020905,0.156680
5,54,0.036842,0.476481
6,40,0.020996,0.157742
7,56,0.035403,0.445270
8,62,0.022805,0.185992
9,64,0.024165,0.209987
10,58,0.024286,0.211325
11,62,0.022137,0.176228
12,62,0.036134,0.457853
13,68,0.024220,0.210843
14,64,0.024601,0.211376
15,68,0.023608,0.200210
16,68,0.038168,0.511335
17,70,0.026092,0.240449
18,84,0.024641,0.213660
19,72,0.023560,0.195782
20,66,0.025424,0.229555
21,74,0.027570,0.274257
0,0,0.017492,0.108967
1,14,0.019337,0.132611
2,22,0.033468,0.406000
3,42,0.023687,0.199735
4,28,0.019764,0.140305
5,48,0.023355,0.192054
6,58,0.022169,0.171069
7,48,0.027009,0.262685
8,58,0.024209,0.208986
9,62,0.021927,0.172473
10,60,0.022818,0.186455
11,54,0.028118,0.283447
12,46,0.020642,0.151704
13,62,0.021774,0.167144
14,70,0.025983,0.238842
15,70,0.025290,0.230166
16,60,0.020093,0.142864
17,68,0.022950,0.189093
18,54,0.021440,0.161754
19,78,0.022100,0.173359
20,72,0.025891,0.238868
21,78,0.036625,0.475447
0,0,0.017876,0.114011
1,18,0.021306,0.160238
2,28,0.018857,0.127998
3,40,0.022834,0.186675
4,18,0.023095,0.189064
5,38,0.018542,0.123710
6,42,0.021665,0.167922
7,42,0.021341,0.162065
8,68,0.022823,0.182676
9,74,0.035938,0.452976
10,64,0.022056,0.171838
11,58,0.035568,0.456373
12,58,0.023449,0.193273
13,62,0.021001,0.156914
14,74,0.024427,0.211950
15,76,0.036996,0.480905
16,60,0.021466,0.164273
17,72,0.025587,0.232141
18,66,0.020867,0.153844
19,66,0.023869,0.205688
20,74,0.037405,0.487887
21,64,0.037125,0.487139
0,0,0.017755,0.111892
1,12,0.018234,0.119202
2,36,0.021452,0.163934
3,28,0.024453,0.211682
4,48,0.020674,0.151507
5,48,0.021159,0.160037
6,46,0.020554,0.149783
7,56,0.020034,0.144286
8,62,0.027802,0.273508
9,50,0.024413,0.207206
10,70,0.021832,0.169727
11,62,0.025322,0.231758
12,70,0.023196,0.193657
13,76,0.022247,0.178470
14,66,0.030596,0.321092
15,72,0.025561,0.234280
16,60,0.020775,0.153846
17,74,0.037687,0.504114
18,76,0.022286,0.175663
19,74,0.024751,0.220973
20,72,0.021865,0.169570
21,68,0.022034,0.174187
0,0,0.018074,0.116542
1,18,0.018323,0.119463
2,26,0.020258,0.144771
3,10,0.033873,0.407889
4,38,0.021743,0.167462
5,52,0.038438,0.511680
6,44,0.024112,0.207428
7,38,0.022465,0.176322
8,62,0.028007,0.279101
9,66,0.020741,0.152381
10,60,0.022241,0.177091
11,66,0.028544,0.291575
12,82,0.023018,0.187944
13,84,0.038521,0.518582
14,60,0.025636,0.239079
15,72,0.037720,0.496682
16,70,0.022617,0.182083
17,74,0.027270,0.260124
18,74,0.025533,0.230749
19,64,0.021140,0.159072
20,64,0.023266,0.192506
21,64,0.023343,0.196466
0,0,0.018448,0.121348
1,8,0.017743,0.110444
2,36,0.021537,0.164425
3,36,0.019724,0.138291
4,56,0.021702,0.168353
5,52,0.024900,0.219040
6,50,0.020549,0.148526
7,42,0.018661,0.123852
8,70,0.022109,0.174801
9,60,0.026253,0.247073
10,62,0.023594,0.198033
11,64,0.021286,0.162214
12,62,0.022947,0.187519
13,72,0.025616,0.232615
14,68,0.023971,0.204002
15,84,0.023157,0.192640
16,64,0.035437,0.442762
17,76,0.025710,0.237250
18,66,0.029584,0.303029
19,66,0.020816,0.153977
20,74,0.021445,0.164596
21,66,0.024458,0.209967
0,0,0.018341,0.119737
1,0,0.018245,0.118384
2,32,0.020211,0.145254
3,30,0.019106,0.130680
4,48,0.025101,0.225147
5,42,0.020394,0.149164
6,52,0.021997,0.171840
7,48,0.029444,0.299688
8,44,0.020618,0.150913
9,66,0.023569,0.197963
10,60,0.040939,0.572978
11,68,0.028023,0.281694
12,72,0.024680,0.218882
13,70,0.023089,0.190389
14,66,0.032832,0.372593
15,74,0.027221,0.264176
16,78,0.027576,0.269491
17,70,0.031181,0.341151
18,66,0.028081,0.280993
19,70,0.020672,0.153590
20,78,0.026102,0.242571
21,80,0.039138,0.515722
0,0,0.018557,0.122471
1,14,0.034050,0.422530
2,40,0.023912,0.207208
3,32,0.021377,0.161818
4,42,0.022040,0.172671
5,50,0.019808,0.139962
6,48,0.020340,0.146849
7,68,0.022522,0.179210
8,60,0.022344,0.175661
9,50,0.024022,0.206716
10,62,0.023906,0.204404
11,60,0.024632,0.214128
12,86,0.022604,0.182185
13,72,0.022151,0.173153
14,66,0.025433,0.232924
15,74,0.026044,0.242403
16,66,0.022322,0.176913
17,76,0.027978,0.278874
18,70,0.021751,0.166569
19,76,0.031257,0.336873
20,74,0.024131,0.204615
21,76,0.023059,0.188833
0,0,0.018234,0.116994
1,4,0.018576,0.122281
2,28,0.019377,0.133623
3,34,0.023101,0.191832
4,40,0.021876,0.170256
5,50,0.021987,0.173370
6,42,0.020714,0.149513
7,52,0.028740,0.283178
8,62,0.025169,0.223091
9,50,0.023013,0.187614
10,44,0.022559,0.181163
11,68,0.025688,0.237336
12,66,0.035268,0.435915
13,78,0.031431,0.345355
14,62,0.023399,0.196430
15,72,0.026373,0.248178
16,76,0.020912,0.155503
17,66,0.026366,0.248899
18,66,0.024962,0.219521
19,68,0.025054,0.222109
20,76,0.027754,0.276922
21,80,0.037574,0.505204
0,0,0.018062,0.116734
1,14,0.018749,0.124846
2,36,0.018904,0.127258
3,36,0.036688,0.476134
4,22,0.018282,0.119788
5,42,0.035129,0.434013
6,60,0.020881,0.156714
7,54,0.028502,0.290819
8,48,0.021532,0.162036
9,68,0.023217,0.192914
10,54,0.035411,0.451652
11,64,0.023903,0.204669
12,70,0.027558,0.270550
13,66,0.023814,0.200514
14,56,0.031011,0.332477
15,54,0.023630,0.198025
16,62,0.037177,0.486213
17,68,0.024650,0.219515
18,80,0.029878,0.315191
19,66,0.028043,0.280622
20,64,0.031054,0.329939
21,70,0.022080,0.171794
0,0,0.018466,0.122149
1,16,0.018723,0.124615
2,26,0.021190,0.160391
3,40,0.021456,0.162035
4,42,0.020421,0.146987
5,44,0.020412,0.147961
6,44,0.034729,0.428717
7,50,0.034925,0.439260
8,66,0.036032,0.457525
9,56,0.022939,0.188013
10,62,0.036382,0.470775
11,84,0.028829,0.283808
12,52,0.022182,0.177036
13,78,0.027934,0.279883
14,74,0.026435,0.250743
15,66,0.026651,0.251504
16,76,0.023030,0.189577
17,64,0.025477,0.230044
18,80,0.027594,0.270097
19,80,0.025640,0.237002
20,78,0.035110,0.427701
21,80,0.026061,0.242776
0,0,0.018494,0.121398
1,14,0.017875,0.114268
2,26,0.018061,0.116494
3,32,0.020720,0.153839
4,42,0.021201,0.157689
5,54,0.021122,0.159341
6,56,0.025340,0.228519
7,50,0.023188,0.190927
8,48,0.022521,0.177311
9,74,0.025235,0.227942
10,62,0.025322,0.226909
11,74,0.026006,0.242826
12,72,0.022985,0.187730
13,82,0.037065,0.483543
14,76,0.025302,0.227903
15,72,0.029930,0.311727
16,68,0.026620,0.253760
17,76,0.036118,0.458947
18,60,0.023789,0.202453
19,68,0.026689,0.253979
20,70,0.025281,0.226493
21,62,0.024622,0.217237
0,0,0.017778,0.112352
1,18,0.018667,0.124117
2,22,0.019057,0.129599
3,38,0.020811,0.152004
4,18,0.018874,0.126583
5,44,0.023232,0.187517
6,40,0.023429,0.191876
7,62,0.022717,0.184253
8,58,0.025268,0.229086
9,50,0.021221,0.159869
10,64,0.023938,0.204780
11,64,0.022167,0.172926
12,64,0.021158,0.156537
13,66,0.024798,0.221602
14,72,0.022859,0.186637
15,78,0.024380,0.210456
16,72,0.023972,0.206276
17,74,0.025157,0.225538
18,74,0.032116,0.361515
19,58,0.021873,0.171058
20,72,0.022020,0.173388
21,76,0.023861,0.205183
0,0,0.017605,0.110756
1,20,0.022950,0.189129
2,18,0.018927,0.127265
3,26,0.021460,0.168100
4,38,0.023037,0.186875
5,38,0.022974,0.186837
6,54,0.032189,0.359631
7,56,0.024857,0.219441
8,50,0.022219,0.175251
9,58,0.020739,0.153038
10,66,0.024940,0.221945
11,72,0.022509,0.181636
12,76,0.023801,0.203525
13,62,0.022341,0.178610
14,70,0.024476,0.214330
15,66,0.020950,0.156376
16,60,0.023580,0.199825
17,68,0.025165,0.228538
18,64,0.024144,0.205928
19,74,0.023096,0.191976
20,74,0.020476,0.148560
21,78,0.036420,0.466829
0,0,0.018042,0.115414
1,10,0.017995,0.116128
2,16,0.017993,0.115045
3,22,0.020119,0.143381
4,28,0.021594,0.164477
5,44,0.020932,0.154758
6,50,0.021068,0.157472
7,58,0.027835,0.277245
8,60,0.022299,0.176739
9,52,0.036561,0.476658
10,52,0.023563,0.200982
11,62,0.020949,0.154831
12,74,0.022451,0.179672
13,76,0.024769,0.221754
14,76,0.029508,0.302190
15,76,0.023863,0.203111
16,74,0.023916,0.202977
17,72,0.027053,0.261058
18,62,0.024502,0.213689
19,76,0.023023,0.189661
20,76,0.023787,0.202118
21,72,0.022382,0.178192
0,0,0.018180,0.117795
1,18,0.020889,0.156658
2,34,0.019029,0.128421
3,38,0.024028,0.205878
4,46,0.021261,0.160046
5,66,0.020310,0.147642
6,54,0.024471,0.211409
7,52,0.036574,0.468840
8,66,0.024378,0.217550
9,44,0.021695,0.165085
10,62,0.022117,0.172251
11,64,0.027505,0.272998
12,58,0.022722,0.188012
13,66,0.025168,0.226659
14,74,0.031655,0.358731
15,68,0.025680,0.235131
16,74,0.022395,0.178240
17,70,0.025518,0.231530
18,74,0.022769,0.184443
19,68,0.024830,0.218385
20,70,0.024454,0.213463
21,70,0.024114,0.206082
0,0,0.017663,0.112951
1,6,0.018431,0.121204
2,38,0.027928,0.268139
3,28,0.020352,0.146243
4,40,0.019988,0.141419
5,40,0.023328,0.192554
6,42,0.022538,0.183654
7,26,0.019511,0.135678
8,54,0.023863,0.205189
9,54,0.020938,0.157642
10,58,0.023988,0.206197
11,70,0.036531,0.469042
12,68,0.023583,0.201216
13,64,0.022242,0.174301
14,60,0.020959,0.157067
15,72,0.022200,0.178035
16,58,0.025727,0.237644
17,72,0.036914,0.481879
18,78,0.022373,0.177158
19,64,0.025836,0.235049
20,62,0.020578,0.153342
21,74,0.022815,0.184982
0,0,0.018402,0.120522
1,10,0.019129,0.128970
2,32,0.020727,0.152885
3,40,0.019174,0.131807
4,38,0.020519,0.149702
5,44,0.019321,0.133854
6,58,0.020718,0.152375
7,52,0.023339,0.194315
8,64,0.029215,0.294954
9,40,0.021753,0.167453
10,58,0.021110,0.157406
11,72,0.024414,0.213656
12,64,0.028906,0.298153
13,62,0.025989,0.240120
14,66,0.023601,0.195756
15,70,0.025591,0.234100
16,64,0.038689,0.516161
17,82,0.024479,0.214991
18,64,0.021383,0.161471
19,56,0.023551,0.199093
20,70,0.022232,0.174498
21,78,0.023759,0.203293
0,0,0.018045,0.116604
1,14,0.018662,0.124198
2,26,0.022188,0.174673
3,26,0.018535,0.122882
4,34,0.024792,0.221572
5,38,0.020617,0.151306
6,40,0.020379,0.147827
7,64,0.024844,0.220182
8,54,0.022896,0.186023
9,52,0.024043,0.205231
10,72,0.024856,0.218857
11,62,0.024269,0.209729
12,66,0.024950,0.225630
13,66,0.022978,0.187080
14,70,0.021812,0.169065
15,64,0.021236,0.160130
16,66,0.024662,0.217309
17,64,0.030765,0.326604
18,76,0.022317,0.177587
19,68,0.022194,0.176385
20,66,0.024249,0.211969
21,76,0.022827,0.183707
0,0,0.017417,0.108263
1,14,0.020762,0.151239
2,26,0.020675,0.152132
3,28,0.018662,0.124515
4,42,0.021920,0.172266
5,56,0.035970,0.465929
6,50,0.019297,0.133764
7,44,0.020567,0.150039
8,66,0.025391,0.230711
9,70,0.021328,0.164770
10,62,0.023465,0.197539
11,54,0.037625,0.497334
12,78,0.026117,0.244351
13,68,0.021788,0.167584
14,74,0.025097,0.224450
15,74,0.027133,0.259490
16,68,0.020537,0.150287
17,74,0.020699,0.152794
18,72,0.023174,0.192526
19,70,0.024857,0.220978
20,68,0.024958,0.225157
21,74,0.025623,0.232628
0,0,0.018374,0.119918
1,12,0.020430,0.147479
2,22,0.021638,0.166351
3,30,0.022558,0.182536
4,36,0.022394,0.176377
5,44,0.020256,0.143794
6,42,0.018767,0.125810
7,32,0.021460,0.163139
8,60,0.030709,0.346010
9,60,0.029098,0.307242
10,62,0.022806,0.187202
11,58,0.019928,0.141737
12,50,0.021245,0.160466
13,60,0.023795,0.204583
14,66,0.023517,0.193019
15,70,0.024061,0.208163
16,76,0.028856,0.286017
17,70,0.022825,0.188851
18,82,0.035009,0.433143
19,84,0.023291,0.193447
20,70,0.032255,0.359248
21,60,0.022090,0.174724
